,Unnamed: 0,종목코드,종목명,현재가,대비,등락률,시가,고가,저가,거래량,거래대금,시가총액,시가총액비중(%),상장주식수,EPS,PER,BPS,PBR,ROA,주당배당금,배당수익률,종목수익률,Unnamed: 22,Unnamed: 23,종목명.1
1,30,30,우리은행,"10,500",100,1,"10,400","10,550","10,300","2,860,645","29,911,985,800","7,100,922,895,500",0.54,"676,278,371","1,621",6.48,"26,592",0.39,0.060958183,500,4.76,0.072522983,,,CJ대한통운
3,50,50,경방,"243,000","10,000",4.3,"236,000","245,000","227,500","5,193","1,229,285,000","666,191,061,000",0.05,"2,741,527","4,190",58,"236,250",1.03,0.01773545,500,0.21,0.296,,,KCC
5,70,70,삼양홀딩스,"108,000","4,000",3.8,"103,000","108,500","102,500","13,929","1,492,699,500","924,941,268,000",0.07,"8,564,271",327,330.28,"148,290",0.73,0.002205139,"1,500",1.39,0.202672606,,,LG상사
7,80,80,하이트진로,"21,400",-600,-2.7,"22,000","22,000","21,150","2,872,831","61,575,836,432","1,500,859,275,400",0.11,"70,133,611",295,72.54,"18,628",1.15,0.015836375,"1,000",4.67,-0.053097345,,,LS
9,100,100,유한양행,"267,000","12,000",4.7,"258,500","272,000","258,000","69,364","18,520,575,500","2,977,729,782,000",0.23,"11,152,546","8,788",30.38,"112,029",2.38,0.078443974,"1,750",0.66,0.579881657,,,NH투자증권
11,120,120,CJ대한통운,"188,000","-1,000",-0.5,"186,500","190,500","185,500","48,515","9,076,607,000","4,288,720,672,000",0.33,"22,812,344","2,510",74.9,"98,141",1.92,0.025575448,0,0,0.002666667,,,POSCO
12,140,140,하이트진로홀딩스,"15,200",650,4.5,"14,400","15,200","14,300","107,717","1,605,608,300","352,742,828,000",0.03,"23,206,765",-,-,"20,245",0.75,0,450,2.96,0.271966527,,,S&T중공업
14,150,150,두산,"114,500",-500,-0.4,"115,000","115,500","113,500","51,904","5,943,985,000","2,435,516,676,000",0.18,"21,270,888","3,129",36.59,"108,349",1.06,0.028878901,"4,000",3.49,0.128078818,,,SK네트웍스
18,210,210,대림산업,"78,300",-400,-0.5,"77,200","80,300","77,200","223,033","17,599,550,700","2,724,840,000,000",0.21,"34,800,000",-,-,"109,537",0.71,0,100,0.13,0.213953488,,,고려아연
23,230,230,일동제약,"22,300","-3,450",-13.4,"25,750","27,600","22,300","884,774","21,949,408,950","559,017,849,500",0.04,"25,068,065",489,45.6,"13,227",1.69,0.036969834,200,0.9,0.476821192,,,남양유업
24,240,240,한국타이어월드와이드,"19,650",400,2.1,"19,100","19,650","19,050","118,124","2,301,545,750","1,827,846,399,450",0.14,"93,020,173","2,005",9.8,"25,963",0.76,0.077225282,300,1.53,-0.199592668,,,넥센타이어
25,270,270,기아차,"47,650",150,0.3,"47,000","48,000","47,000","972,084","46,315,144,870","19,315,563,484,550",1.46,"405,363,347","7,393",6.45,"55,466",0.86,0.133288862,"1,000",2.1,-0.088910134,,,녹십자
34,480,480,조선내화,"117,500","-2,500",-2.1,"118,500","122,000","116,500","2,803","332,582,000","470,000,000,000",0.04,"4,000,000","12,897",9.11,"136,969",0.86,0.094159992,"4,000",3.4,42.59925788,,,동부화재
42,640,640,동아쏘시오홀딩스,"171,000","-4,000",-2.3,"174,000","177,500","171,000","27,894","4,812,216,000","773,841,861,000",0.06,"4,525,391",397,430.73,"104,036",1.64,0.003815987,"1,000",0.58,44.6,,,모토닉
44,660,660,SK하이닉스,"51,100","1,450",2.9,"49,350","51,300","49,200","6,512,595","330,761,578,700","37,200,920,851,500",2.82,"728,002,365","5,842",8.75,"24,775",2.06,0.23580222,300,0.59,6.873651772,,,부광약품
45,670,670,영풍,"1,375,000","18,000",1.3,"1,339,000","1,385,000","1,339,000","2,002","2,750,101,000","2,532,805,000,000",0.19,"1,842,040","74,468",18.46,"1,329,356",1.03,0.056018102,"7,500",0.55,15.91266913,,,빙그레
49,720,720,현대건설,"44,250",-450,-1,"44,600","45,250","44,050","768,928","34,227,783,100","4,927,492,601,250",0.37,"111,355,765","3,768",11.74,"48,844",0.91,0.077143559,500,1.13,-0.9646,,,삼성전기
52,810,810,삼성화재,"304,000","7,000",2.4,"295,000","308,000","295,000","180,800","55,019,104,500","14,401,950,448,000",1.09,"47,374,837","18,786",16.18,"188,371",1.61,0.099728727,"4,500",1.48,30.69968717,,,삼성중공업
54,830,830,삼성물산,"63,000",-600,-0.9,"63,300","63,700","61,200","3,528,025","220,710,822,000","9,841,719,132,000",0.75,"156,217,764","1,824",34.54,"81,839",0.77,0.022287662,500,0.79,1.025723473,,,삼양홀딩스
58,880,880,한화,"43,200",-50,-0.1,"42,600","43,800","41,050","233,584","10,081,275,000","3,238,217,352,000",0.25,"74,958,735",-,-,"57,774",0.75,0,500,1.16,-0.744378698,,,세아베스틸
69,1040,1040,CJ,"240,000","-8,000",-3.2,"243,000","246,500","240,000","94,159","22,829,294,000","6,985,158,480,000",0.53,"29,104,827","7,375",32.54,"108,643",2.21,0.067882882,950,0.4,47.87983707,,,오리온
76,1120,1120,LG상사,"41,800","1,000",2.4,"40,650","42,500","40,600","152,142","6,391,785,350","1,620,168,000,000",0.12,"38,760,000",-,-,"36,809",1.14,0,300,0.72,1.943661972,,,조선내화
81,1230,1230,동국제강,"5,460",100,1.9,"5,340","5,500","5,340","316,339","1,717,161,220","520,657,639,320",0.04,"95,358,542",-,-,"24,728",0.22,0,0,0,-0.813333333,,,한국쉘석유
92,1430,1430,세아베스틸,"42,250",850,2,"41,000","42,700","41,000","55,806","2,363,408,850","1,515,174,527,750",0.11,"35,862,119","3,475",12.16,"41,936",1.01,0.082864365,"1,000",2.37,16.38683128,,,현대상선
111,1680,1680,대상,"36,950","-1,700",-4.4,"38,200","38,450","36,950","366,316","13,722,413,900","1,271,507,696,250",0.1,"34,411,575","2,562",14.42,"21,042",1.76,0.121756487,300,0.81,2.004065041,,,LG유플러스
116,1740,1740,SK네트웍스,"8,260",30,0.4,"8,250","8,330","8,100","2,293,413","18,869,693,700","2,050,029,964,220",0.16,"248,187,647",127,65.04,"10,172",0.81,0.012485254,100,1.21,-0.758832117,,,S&T모티브
125,1800,1800,오리온,"1,250,000","-27,000",-2.1,"1,254,000","1,284,000","1,250,000","16,643","20,974,702,000","7,469,203,750,000",0.57,"5,975,363","31,050",40.26,"208,725",5.99,0.148760331,"6,000",0.48,101.4590164,,,기업은행
142,2240,2240,고려제강,"60,100",800,1.4,"58,600","60,400","57,400","64,013","3,761,003,500","1,081,800,000,000",0.08,"18,000,000","16,590",3.62,"92,274",0.65,0.179790624,350,0.58,12.94431555,,,베이직하우스
144,2270,2270,롯데푸드,"897,000","-21,000",-2.3,"908,000","915,000","895,000","6,109","5,518,205,000","1,228,384,092,000",0.09,"1,369,436","43,723",20.52,"607,536",1.48,0.071967752,"2,500",0.28,37.17021277,,,삼성생명
148,2350,2350,넥센타이어,"12,600",150,1.2,"12,450","12,650","12,400","189,131","2,368,612,600","1,214,840,050,200",0.09,"96,415,877","1,273",9.9,"9,017",1.4,0.141177775,75,0.6,-0.052631579,,,삼성카드
151,2380,2380,KCC,"548,000","14,000",2.6,"529,000","555,000","529,000","54,903","30,142,554,000","5,764,960,000,000",0.44,"10,520,000","33,250",16.48,"589,064",0.93,0.05644548,"9,000",1.64,22.41880342,,,신도리코
168,2790,2790,아모레G,"175,000","-1,500",-0.8,"175,500","183,000","175,000","215,778","38,325,700,000","13,963,421,500,000",1.06,"79,790,980","2,749",63.66,"26,072",6.71,0.105438785,325,0.19,74.43103448,,,하나금융지주
177,2960,2960,한국쉘석유,"469,000","-2,000",-0.4,"470,000","476,000","465,000","2,711","1,280,996,000","609,700,000,000",0.05,"1,300,000","20,711",22.64,"69,679",6.73,0.297234461,"19,000",4.05,1.96835443,,,한라홀딩스
180,3000,3000,부광약품,"29,250",300,1,"28,750","30,100","28,750","287,377","8,447,746,200","996,168,098,250",0.08,"34,057,029",807,36.25,"6,753",4.33,0.119502443,500,1.71,2.863936592,,,한섬
182,3030,3030,세아제강,"73,300","-1,100",-1.5,"74,400","74,700","73,300","31,237","2,308,660,400","439,800,000,000",0.03,"6,000,000","12,334",5.94,"190,864",0.38,0.06462193,"1,500",2.05,-0.818788628,,,한솔케미칼
190,3200,3200,일신방직,"189,000","-4,500",-2.3,"192,000","202,500","189,000","7,649","1,508,064,000","453,600,000,000",0.03,"2,400,000","10,042",18.82,"271,145",0.7,0.037035534,"1,750",0.93,28.85781991,,,현대로템
193,3240,3240,태광산업,"1,233,000","7,000",0.6,"1,215,000","1,247,000","1,215,000","1,094","1,346,236,000","1,372,822,200,000",0.1,"1,113,400","87,491",14.09,"2,229,492",0.55,0.039242572,"1,250",0.1,9.190082645,,,현대백화점
195,3300,3300,한일시멘트,"144,500","10,500",7.8,"135,500","145,500","134,500","31,410","4,485,418,500","1,090,297,728,500",0.08,"7,545,313","13,186",10.96,"183,723",0.79,0.07177109,"1,500",1.04,-0.183615819,,,현대엘리베이
197,3410,3410,쌍용양회,"17,850",400,2.3,"17,150","17,900","17,150","146,813","2,587,586,750","1,332,688,782,600",0.1,"74,660,436","1,311",13.62,"15,275",1.17,0.085826514,0,0,-0.156028369,,,후성
200,3450,3450,현대증권,"9,560",-140,-1.4,"9,630","9,930","9,500","1,178,206","11,433,367,180","2,262,015,786,800",0.17,"236,612,530",129,74.11,"12,698",0.75,0.01015908,50,0.52,-0.93910828,,,
206,3490,3490,대한항공,"40,450",-600,-1.5,"40,500","41,300","40,450","424,616","17,321,184,600","2,946,367,644,800",0.22,"72,839,744",-,-,"33,223",1.22,0,0,0,4.753911807,,,
208,3520,3520,영진약품,"1,800",90,5.3,"1,710","1,810","1,710","3,783,256","6,705,969,115","319,716,000,000",0.02,"177,620,000",5,360,567,3.17,0.008818342,0,0,-0.867647059,,,
214,3550,3550,LG,"62,300","-1,000",-1.6,"62,500","63,300","62,300","344,895","21,597,078,600","10,750,309,261,300",0.82,"172,557,131","4,804",12.97,"69,664",0.89,0.068959577,"1,000",1.61,47.10810811,,,
217,3570,3570,S&T중공업,"14,250",400,2.9,"13,900","14,450","13,800","153,528","2,172,695,051","462,746,505,750",0.04,"32,473,439",85,167.65,"20,149",0.71,0.004218572,100,0.7,0.479750779,,,
219,3600,3600,SK,"179,000","-2,500",-1.4,"178,000","185,500","178,000","501,193","90,501,248,000","8,406,164,348,000",0.64,"46,961,812",-,-,"213,066",0.84,0,"2,500",1.4,30.29370629,,,
222,3620,3620,쌍용차,"10,050",260,2.7,"9,810","10,200","9,690","616,560","6,169,674,260","1,379,061,964,800",0.1,"137,220,096",-,-,"5,665",1.77,0,0,0,2.19047619,,,
230,3920,3920,남양유업,"748,000","1,000",0.1,"743,000","758,000","738,000","1,355","1,013,887,000","538,560,000,000",0.04,"720,000",-,-,"929,253",0.8,0,"1,000",0.13,10.2143928,,,
235,4000,4000,삼성정밀화학,"41,000",850,2.1,"40,200","42,100","40,000","94,306","3,879,160,650","1,057,800,000,000",0.08,"25,800,000","2,402",17.07,"45,995",0.89,0.052223068,300,0.73,-0.436813187,,,
236,4020,4020,현대제철,"74,600","1,400",1.9,"73,200","75,300","73,200","295,171","22,021,937,500","8,694,613,886,400",0.66,"116,549,784","6,600",11.3,"116,893",0.64,0.056461892,750,1.01,0.895806861,,,
245,4150,4150,한솔홀딩스,"10,550",-450,-4.1,"11,100","11,350","10,450","750,624","8,143,116,650","285,777,988,550",0.02,"27,087,961",-,-,"8,559",1.23,0,0,0,0.274154589,,,
246,4170,4170,신세계,"243,000","-8,000",-3.2,"256,000","256,000","243,000","76,707","18,966,289,500","2,392,378,983,000",0.18,"9,845,181","15,922",15.26,"265,687",0.91,0.059927659,"1,150",0.47,2.451704545,,,
254,4370,4370,농심,"281,000","3,000",1.1,"275,000","281,500","273,000","20,981","5,845,870,000","1,709,222,402,000",0.13,"6,082,642","11,241",25,"252,302",1.11,0.044553749,"4,000",1.42,139.8521303,,,
260,4490,4490,세방전지,"46,550","2,100",4.7,"44,350","46,800","44,350","55,913","2,592,582,950","651,700,000,000",0.05,"14,000,000","4,406",10.57,"49,929",0.93,0.088245308,300,0.64,5.324728261,,,
266,4700,4700,조광피혁,"124,500","-1,000",-0.8,"125,500","125,500","123,500","3,497","436,099,000","827,817,681,000",0.06,"6,649,138","2,184",57.01,"25,626",4.86,0.085225942,0,0,14.37037037,,,
267,4710,4710,한솔테크닉스,"24,550","1,200",5.1,"23,350","25,100","22,650","1,067,620","25,638,987,500","516,891,829,350",0.04,"21,054,657",-,-,"9,556",2.57,0,0,0,-0.286337209,,,
271,4800,4800,효성,"115,000","-3,500",-3,"118,500","120,000","115,000","235,745","27,475,544,500","4,038,507,325,000",0.31,"35,117,455","8,093",14.21,"79,506",1.45,0.10179106,"2,000",1.74,5.927710843,,,
285,4990,4990,롯데제과,"2,006,000","-27,000",-1.3,"2,007,000","2,063,000","2,005,000","3,066","6,185,940,000","2,851,328,400,000",0.22,"1,421,400",-,-,"1,746,767",1.15,0,"5,200",0.26,174.9649123,,,
289,5090,5090,삼광글라스,"109,000","5,000",4.8,"104,500","110,500","104,000","63,518","6,870,295,000","529,131,562,000",0.04,"4,854,418","4,478",24.34,"53,301",2.04,0.084013433,750,0.69,8.519650655,,,
291,5180,5180,빙그레,"89,100",-400,-0.4,"89,500","90,200","87,400","76,302","6,802,643,200","877,745,573,100",0.07,"9,851,241","4,282",20.81,"49,132",1.81,0.087152976,"1,250",1.4,8.570354458,,,
296,5300,5300,롯데칠성,"2,565,000","54,000",2.2,"2,514,000","2,593,000","2,500,000","7,649","19,615,969,000","3,173,425,695,000",0.24,"1,237,203","13,751",186.53,"1,675,276",1.53,0.0082082,"4,900",0.19,916.7101968,,,
300,5380,5380,현대차,"158,000","2,000",1.3,"157,500","159,000","156,000","790,681","124,851,407,000","34,803,683,682,000",2.64,"220,276,479","27,037",5.84,"201,958",0.78,0.13387437,"3,000",1.9,9.934256055,,,
307,5440,5440,현대그린푸드,"19,850",-550,-2.7,"20,500","20,550","19,850","308,696","6,206,206,900","1,939,433,967,700",0.15,"97,704,482","1,118",17.75,"14,091",1.41,0.079341424,60,0.3,5.572847682,,,
309,5490,5490,POSCO,"244,000","4,000",1.7,"243,500","245,500","241,500","403,411","98,352,571,500","21,273,587,740,000",1.61,"87,186,835","7,432",32.83,"476,991",0.51,0.015581007,"8,000",3.28,0.975708502,,,
311,5610,5610,삼립식품,"290,500","5,000",1.8,"285,500","290,500","278,000","20,700","5,907,008,000","2,506,727,114,500",0.19,"8,629,009","3,980",72.99,"25,936",11.2,0.153454658,762,0.26,1.482905983,,,
317,5740,5740,크라운제과,"477,000","20,000",4.4,"451,500","485,000","450,500","9,311","4,413,467,000","702,870,948,000",0.05,"1,473,524","15,298",31.18,"141,977",3.36,0.107749847,"1,000",0.21,0.682539683,,,
323,5830,5830,동부화재,"51,400","1,200",2.4,"49,600","51,500","49,600","254,948","13,001,004,800","3,639,120,000,000",0.28,"70,800,000","6,668",7.71,"48,781",1.05,0.136692565,"1,450",2.82,-0.404403244,,,
324,5850,5850,에스엘,"19,200",550,3,"18,600","19,200","18,400","46,833","887,798,200","650,209,728,000",0.05,"33,865,090","2,782",6.9,"21,825",0.88,0.127468499,200,1.04,-0.483870968,,,
327,5930,5930,삼성전자,"1,307,000","-2,000",-0.2,"1,320,000","1,321,000","1,297,000","347,615","454,745,079,000","192,520,233,459,000",14.6,"147,299,337","153,105",8.54,"953,266",1.37,0.160610994,"20,000",1.53,366.1348315,,,
329,5940,5940,NH투자증권,"12,750",0,0,"12,650","13,100","12,550","1,706,342","21,881,847,150","3,587,963,309,250",0.27,"281,408,887",388,32.86,"14,550",0.88,0.026666667,160,1.25,-0.705542725,,,
339,6120,6120,SK케미칼,"81,700","2,100",2.6,"79,600","85,400","79,000","505,322","41,753,479,200","1,702,876,939,900",0.13,"20,843,047",-,-,"51,892",1.57,0,300,0.37,8.12849162,,,
343,6260,6260,LS,"49,250",-350,-0.7,"49,400","49,900","48,750","149,316","7,335,326,650","1,585,850,000,000",0.12,"32,200,000","1,620",30.4,"74,691",0.66,0.02168936,"1,250",2.54,-0.844637224,,,
344,6280,6280,녹십자,"205,500","11,500",5.9,"195,000","210,000","195,000","88,106","18,059,431,500","2,401,583,559,000",0.18,"11,686,538","7,260",28.31,"76,384",2.69,0.095046083,"1,250",0.61,212.6174636,,,
351,6400,6400,삼성SDI,"122,500","-2,500",-2,"124,500","126,000","122,500","258,838","31,938,631,500","8,423,654,925,000",0.64,"68,764,530",-,-,"164,621",0.74,0,"1,000",0.82,1.272727273,,,
355,6650,6650,대한유화,"167,000","4,500",2.8,"161,500","168,000","159,000","57,340","9,404,238,500","1,085,500,000,000",0.08,"6,500,000","10,318",16.19,"128,637",1.3,0.080210204,"1,500",0.9,6.455357143,,,
358,6800,6800,대우증권,"14,300",-200,-1.4,"14,400","14,750","14,150","3,361,216","48,467,528,800","4,671,822,741,300",0.35,"326,700,891",638,22.41,"12,228",1.17,0.052175335,250,1.75,0.211864407,,,
364,7070,7070,GS리테일,"39,450",-300,-0.8,"39,200","39,800","38,750","224,745","8,848,995,450","3,037,650,000,000",0.23,"77,000,000","1,445",27.3,"21,838",1.81,0.066169063,600,1.52,2.430434783,,,
372,7310,7310,오뚜기,"725,000","16,000",2.3,"709,000","732,000","705,000","4,697","3,378,297,000","2,494,000,000,000",0.19,"3,440,000","27,767",26.11,"237,829",3.05,0.116751952,"4,000",0.55,28.41176471,,,
373,7340,7340,동아타이어,"23,500","1,550",7.1,"21,950","23,950","21,950","150,300","3,457,253,350","557,584,970,000",0.04,"23,727,020","2,194",10.71,"27,036",0.87,0.081151058,150,0.64,17.8,,,
376,7570,7570,일양약품,"46,000",-100,-0.2,"46,100","49,200","45,300","451,562","21,456,056,800","823,181,776,000",0.06,"17,895,256",233,197.42,"10,026",4.59,0.023239577,100,0.22,34.52123552,,,
382,7690,7690,국도화학,"61,300","-1,500",-2.4,"62,300","63,800","61,300","23,937","1,488,584,000","356,190,760,800",0.03,"5,810,616","3,495",17.54,"63,683",0.96,0.054881208,"1,000",1.63,33.05555556,,,
387,7860,7860,서연,"12,600",-250,-2,"12,850","13,050","12,600","194,302","2,476,647,800","283,311,050,400",0.02,"22,485,004","23,262",0.54,"19,105",0.66,1.217587019,150,1.19,4.373134328,,,
392,8060,8060,대덕전자,"8,610",-10,-0.1,"8,630","8,780","8,590","123,261","1,066,625,540","420,136,143,000",0.03,"48,796,300",725,11.88,"8,976",0.96,0.080770945,300,3.48,-0.2825,,,
399,8490,8490,서흥,"44,100","2,050",4.9,"41,950","44,200","41,900","62,379","2,693,277,900","510,197,883,300",0.04,"11,569,113","1,846",23.89,"18,410",2.4,0.100271592,250,0.57,13.84848485,,,
406,8770,8770,호텔신라,"119,500","-4,000",-3.2,"122,500","123,000","119,000","478,906","57,590,645,000","4,690,150,459,500",0.36,"39,248,121","1,866",64.04,"18,249",6.55,0.102252178,350,0.29,63.24731183,,,
414,9150,9150,삼성전기,"55,200","-2,200",-3.8,"57,300","57,400","55,000","1,462,929","81,729,528,100","4,123,092,019,200",0.31,"74,693,696","6,481",8.52,"58,677",0.94,0.110452136,750,1.36,-0.417721519,,,
420,9240,9240,한샘,"225,000","-2,000",-0.9,"227,000","227,000","221,000","123,176","27,636,611,500","5,295,133,800,000",0.4,"23,533,928","4,793",46.94,"14,357",15.67,0.333844118,850,0.38,74.5033557,,,
423,9290,9290,광동제약,"18,200",500,2.8,"17,700","18,800","17,650","784,913","14,443,931,200","954,059,488,200",0.07,"52,420,851",869,20.94,"5,967",3.05,0.145634322,80,0.44,-0.313207547,,,
433,9540,9540,현대중공업,"130,000","-2,500",-1.9,"132,000","134,500","130,000","290,806","38,155,909,000","9,880,000,000,000",0.75,"76,000,000",-,-,"199,655",0.65,0,0,0,137.2978723,,,
434,9580,9580,무림P&P,"4,645",55,1.2,"4,580","4,725","4,580","276,386","1,290,090,415","289,700,864,980",0.02,"62,368,324",-,-,"8,769",0.53,0,175,3.77,-0.059716599,,,
435,9680,9680,모토닉,"11,800",0,0,"11,600","11,900","11,550","29,975","353,609,900","389,400,000,000",0.03,"33,000,000",743,15.88,"11,374",1.04,0.065324424,250,2.12,3.034188034,,,
438,9830,9830,한화케미칼,"19,050",-750,-3.8,"19,850","19,950","19,000","2,147,760","41,692,759,400","3,084,948,827,550",0.23,"161,939,571",363,52.48,"26,824",0.71,0.013532657,150,0.79,-0.274285714,,,
443,10060,10060,OCI,"94,600","-1,200",-1.2,"95,300","96,200","94,600","163,966","15,681,029,500","2,256,150,496,600",0.17,"23,849,371",-,-,"116,845",0.81,0,200,0.21,6.448818898,,,
445,10120,10120,LS산전,"53,000",800,1.5,"52,000","53,600","52,000","108,055","5,732,886,400","1,590,000,000,000",0.12,"30,000,000","3,642",14.55,"33,098",1.6,0.11003686,"1,300",2.45,57.88888889,,,
446,10130,10130,고려아연,"502,000","9,000",1.8,"485,500","508,000","485,500","49,022","24,647,737,500","9,472,740,000,000",0.72,"18,870,000","28,362",17.7,"245,570",2.04,0.115494564,"6,500",1.29,43.22907489,,,
447,10140,10140,삼성중공업,"17,900",0,0,"17,950","18,100","17,850","1,748,816","31,338,113,750","4,132,669,409,400",0.31,"230,875,386",693,25.83,"23,973",0.75,0.028907521,250,1.4,1.691729323,,,
453,10620,10620,현대미포조선,"78,500",400,0.5,"78,100","80,000","77,500","121,861","9,611,402,900","1,570,000,000,000",0.12,"20,000,000",-,-,"89,863",0.87,0,0,0,0.328257191,,,
456,10690,10690,화신,"6,840",10,0.2,"6,830","6,860","6,750","75,759","514,429,840","238,855,604,400",0.02,"34,920,410","1,329",5.15,"10,764",0.64,0.123467113,100,1.46,-0.739428571,,,
458,10780,10780,아이에스동서,"77,300","2,000",2.7,"75,300","77,400","75,000","119,726","9,169,243,400","2,096,878,759,200",0.16,"27,126,504","1,914",40.39,"16,721",4.62,0.114466838,400,0.52,0.046008119,,,
460,10950,10950,S-Oil,"66,000","-1,000",-1.5,"67,000","68,600","66,000","458,491","30,603,362,000","7,430,464,272,000",0.56,"112,582,792",-,-,"42,100",1.57,0,150,0.23,32.08270677,,,
464,11070,11070,LG이노텍,"95,100","2,000",2.2,"92,400","95,400","92,400","217,922","20,616,947,200","2,250,741,875,700",0.17,"23,667,107","4,761",19.97,"71,681",1.33,0.066419274,250,0.26,12.31932773,,,
469,11170,11170,롯데케미칼,"236,000","-4,500",-1.9,"239,000","241,500","234,000","149,425","35,545,705,000","8,088,998,884,000",0.61,"34,275,419","4,359",54.14,"187,805",1.26,0.023210245,"1,000",0.42,6.662337662,,,
470,11200,11200,현대상선,"8,850",-100,-1.1,"8,910","8,920","8,740","2,222,601","19,598,546,430","1,807,818,076,650",0.14,"204,273,229",113,78.32,"3,110",2.85,0.036334405,0,0,1.901639344,,,
471,11210,11210,현대위아,"143,000",0,0,"141,500","143,500","141,500","72,694","10,370,400,000","3,888,896,869,000",0.29,"27,195,083","16,794",8.51,"104,757",1.37,0.160313869,800,0.56,74.46174142,,,
483,11780,11780,금호석유,"78,700",-500,-0.6,"78,200","79,100","77,900","128,077","10,041,368,100","2,397,807,281,700",0.18,"30,467,691","3,557",22.13,"46,561",1.69,0.076394407,"1,500",1.91,134.9240069,,,
485,11790,11790,SKC,"39,050",-50,-0.1,"38,900","40,000","38,650","136,182","5,368,740,150","1,433,417,019,100",0.11,"36,707,222","1,931",20.22,"33,491",1.17,0.057657281,550,1.41,22.52409639,,,
495,12330,12330,현대모비스,"223,500","-3,000",-1.3,"224,000","226,000","222,000","366,439","81,830,534,756","21,756,353,380,500",1.65,"97,343,863","35,821",6.24,"237,937",0.94,0.150548254,"3,000",1.34,209.8490566,,,
500,12630,12630,현대산업,"60,500","-1,400",-2.3,"60,800","62,300","60,500","218,483","13,290,598,900","4,560,742,890,000",0.35,"75,384,180",936,64.64,"28,927",2.09,0.032357313,300,0.5,24.85470085,,,
502,12750,12750,에스원,"82,700",900,1.1,"81,200","83,300","80,700","144,302","11,797,931,800","3,142,532,020,600",0.24,"37,999,178","3,308",25,"23,316",3.55,0.141876823,"1,150",1.39,-0.234259259,,,
519,14680,14680,한솔케미칼,"84,500","1,500",1.8,"82,000","91,800","82,000","143,795","12,455,457,100","954,443,977,500",0.07,"11,295,195","1,932",43.74,"18,852",4.48,0.102482495,600,0.71,11.94027565,,,
522,14820,14820,동원시스템즈,"82,000","4,600",5.9,"79,500","82,200","77,500","91,160","7,360,968,000","1,974,523,428,000",0.15,"24,079,554",92,891.3,"7,210",11.37,0.012760055,250,0.3,88.81380066,,,
524,14830,14830,유니드,"63,800",100,0.2,"63,400","64,400","63,300","6,557","418,426,600","420,127,402,200",0.03,"6,585,069","7,564",8.43,"79,790",0.8,0.094798847,"1,100",1.72,1.511811024,,,
535,15760,15760,한국전력,"46,200",500,1.1,"45,700","46,350","45,700","1,047,784","48,254,664,750","29,658,740,357,400",2.25,"641,964,077","4,290",10.77,"83,496",0.55,0.051379707,500,1.08,35.66666667,,,
539,16360,16360,삼성증권,"58,400",-300,-0.5,"58,300","60,000","58,100","647,861","38,003,194,600","4,463,813,636,000",0.34,"76,435,165","3,090",18.9,"44,832",1.3,0.068923983,650,1.11,0.372502938,,,
554,17670,17670,SK텔레콤,"246,500","-8,500",-3.3,"250,000","257,000","246,000","301,701","74,982,450,500","19,903,817,761,500",1.51,"80,745,711","25,154",9.8,"179,660",1.37,0.140008906,"9,400",3.81,9.602150538,,,
555,17800,17800,현대엘리베이,"78,000","1,400",1.8,"76,500","78,000","75,100","146,110","11,226,391,400","1,531,336,014,000",0.12,"19,632,513","2,711",28.77,"18,878",4.13,0.143606314,0,0,1.209631728,,,
560,18260,18260,삼성에스디에스,"335,000","6,000",1.8,"323,500","335,000","316,000","816,148","268,979,387,500","25,921,563,000,000",1.97,"77,377,800","5,338",62.76,"53,145",6.3,0.100442186,500,0.15,141.5531915,,,
571,19680,19680,대교,"8,070",-90,-1.1,"8,160","8,300","7,990","187,538","1,514,534,076","683,551,999,500",0.05,"84,702,850",444,18.18,"6,040",1.34,0.073509934,230,2.85,-0.974622642,,,
573,20000,20000,한섬,"37,550",50,0.1,"37,150","38,200","37,050","70,927","2,671,371,700","924,856,500,000",0.07,"24,630,000","1,712",21.93,"31,089",1.21,0.055067709,300,0.8,20.15492958,,,
575,20150,20150,일진머티리얼즈,"8,090",30,0.4,"8,000","8,120","7,930","91,570","736,090,610","317,128,000,000",0.02,"39,200,000",86,94.07,"6,921",1.17,0.01242595,0,0,-0.829863302,,,
579,21240,21240,코웨이,"91,500","1,000",1.1,"89,200","91,600","89,100","213,651","19,425,367,700","7,056,918,834,000",0.54,"77,124,796","3,361",27.22,"13,466",6.79,0.249591564,"2,000",2.19,40.6856492,,,
586,23530,23530,롯데쇼핑,"253,000","-5,000",-1.9,"256,500","258,500","252,000","74,480","18,948,420,000","7,967,195,676,000",0.6,"31,490,892","17,495",14.46,"531,131",0.48,0.032939143,"2,000",0.79,33.89655172,,,
593,24110,24110,기업은행,"14,550",250,1.8,"14,250","14,700","14,200","1,397,770","20,279,206,000","8,095,648,488,900",0.61,"556,401,958","1,539",9.45,"23,898",0.61,0.064398694,430,2.96,2.544457978,,,
599,25540,25540,한국단자,"90,600","4,500",5.2,"85,400","91,400","85,400","31,966","2,869,570,300","943,599,000,000",0.07,"10,415,000","5,525",16.4,"47,909",1.89,0.115322799,450,0.5,17.45213849,,,
605,25860,25860,남해화학,"10,850",-250,-2.2,"11,000","11,450","10,850","515,297","5,704,547,800","539,015,446,550",0.04,"49,678,843",379,28.63,"7,412",1.46,0.051133297,60,0.55,-0.744705882,,,
613,28050,28050,삼성엔지니어링,"37,500",-100,-0.3,"37,400","38,300","37,350","305,392","11,548,210,000","1,500,000,000,000",0.11,"40,000,000","1,487",25.22,"23,817",1.57,0.062434396,0,0,22.29192547,,,
618,29530,29530,신도리코,"75,600","7,000",10.2,"67,800","75,600","67,600","20,772","1,501,445,140","762,050,192,400",0.06,"10,080,029","1,741",43.42,"81,343",0.93,0.021403194,"1,500",1.98,20.05849582,,,
619,29780,29780,삼성카드,"41,800",-150,-0.4,"41,300","42,300","41,250","157,307","6,571,221,050","4,842,901,643,800",0.37,"115,858,891","5,685",7.35,"55,156",0.76,0.103071289,"1,000",2.39,18.2183908,,,
620,30000,30000,제일기획,"20,600",100,0.5,"20,650","21,250","20,500","637,035","13,174,674,800","2,369,849,235,000",0.18,"115,041,225","1,034",19.92,"7,636",2.7,0.13541121,0,0,-0.727152318,,,
621,30200,30200,KT,"28,950",-750,-2.5,"29,550","29,600","28,950","2,366,619","69,072,123,082","7,559,186,841,600",0.57,"261,111,808",-,-,"39,604",0.73,0,0,0,-0.610887097,,,
631,32640,32640,LG유플러스,"9,320",-50,-0.5,"9,370","9,480","9,150","2,673,819","24,882,055,250","4,069,217,884,520",0.31,"436,611,361",523,17.82,"9,567",0.97,0.054667085,150,1.61,-0.456559767,,,
632,32830,32830,삼성생명,"112,000",-500,-0.4,"111,500","113,500","110,500","553,239","62,034,623,500","22,400,000,000,000",1.7,"200,000,000","7,062",15.86,"111,025",1.01,0.063607296,"1,800",1.61,2.544303797,,,
637,33530,33530,세종공업,"11,700",250,2.2,"11,450","11,700","11,200","81,687","937,245,650","234,636,831,000",0.02,"20,054,430","1,136",10.3,"18,785",0.62,0.060473782,150,1.28,-0.898701299,,,
639,33780,33780,KT&G,"96,400","1,300",1.4,"95,000","97,800","94,700","351,437","33,941,519,406","13,234,996,710,800",1,"137,292,497","6,558",14.7,"41,012",2.35,0.159904418,"3,400",3.53,65.48275862,,,
640,33920,33920,무학,"46,600","2,300",5.2,"43,950","47,400","43,800","164,573","7,596,601,300","1,309,460,000,000",0.1,"28,100,000","3,052",15.27,"15,093",3.09,0.202212946,0,0,2.426470588,,,
641,34020,34020,두산중공업,"27,250",-300,-1.1,"27,350","27,700","26,950","1,104,899","30,071,972,300","2,892,812,476,000",0.22,"106,158,256",-,-,"39,036",0.7,0,750,2.75,4.482897384,,,
642,34120,34120,SBS,"41,000",-500,-1.2,"41,100","41,950","40,050","64,328","2,625,858,350","748,355,862,000",0.06,"18,252,582",-,-,"29,596",1.39,0,0,0,2.534482759,,,
643,34220,34220,LG디스플레이,"29,250",-800,-2.7,"29,750","29,950","29,100","2,581,944","75,813,562,700","10,466,109,225,000",0.79,"357,815,700","2,527",11.57,"31,948",0.92,0.079097283,500,1.71,-0.745652174,,,
650,35250,35250,강원랜드,"40,300",900,2.3,"39,100","41,150","39,100","588,626","23,726,310,250","8,621,802,150,000",0.65,"213,940,500","1,772",22.74,"12,644",3.19,0.140145524,850,2.11,-0.484654731,,,
651,35420,35420,NAVER,"609,000","4,000",0.7,"604,000","629,000","604,000","156,606","96,417,581,000","20,074,271,511,000",1.52,"32,962,679","15,277",39.86,"54,486",11.18,0.280383952,782,0.13,15.13245033,,,
653,36460,36460,한국가스공사,"52,000",600,1.2,"51,800","52,000","50,600","307,540","15,851,247,700","4,800,276,000,000",0.36,"92,313,000","5,091",10.21,"105,341",0.49,0.048328761,250,0.48,0.793103448,,,
655,36570,36570,엔씨소프트,"197,000","2,000",1,"194,000","199,500","193,000","150,589","29,523,806,000","4,320,017,334,000",0.33,"21,929,022","11,520",17.1,"62,045",3.18,0.18567169,"3,430",1.74,5.76975945,,,
656,36580,36580,팜스코,"18,400",-150,-0.8,"18,350","18,700","17,950","259,569","4,751,295,250","675,794,151,200",0.05,"36,727,943",336,54.76,"7,264",2.53,0.046255507,0,0,0.202614379,,,
659,37620,37620,미래에셋증권,"57,200",-800,-1.4,"57,300","59,300","57,100","132,093","7,642,532,300","2,514,432,434,800",0.19,"43,958,609","4,377",13.07,"55,650",1.03,0.078652291,100,0.17,6.438231469,,,
664,42660,42660,대우조선해양,"16,000",0,0,"16,150","16,350","15,850","2,156,309","34,552,542,050","3,062,252,128,000",0.23,"191,390,758",593,26.98,"25,985",0.62,0.022820858,150,0.94,-0.67413442,,,
665,42670,42670,두산인프라코어,"10,450",-100,-1,"10,550","10,650","10,450","1,559,325","16,369,993,400","2,167,908,031,300",0.16,"207,455,314",202,51.73,"13,493",0.77,0.014970726,0,0,-0.464102564,,,
666,42700,42700,한미반도체,"13,750",350,2.6,"13,500","14,000","13,250","190,695","2,626,802,200","349,701,563,750",0.03,"25,432,841","1,291",10.65,"8,059",1.71,0.160193572,500,3.64,-0.923822715,,,
670,47040,47040,대우건설,"7,070",-140,-1.9,"7,260","7,310","7,060","1,519,582","10,887,824,010","2,938,452,050,660",0.22,"415,622,638",255,27.73,"6,327",1.12,0.040303461,0,0,-0.835581395,,,
671,47050,47050,대우인터내셔널,"26,650",250,1,"26,250","26,850","26,200","281,473","7,475,076,750","3,034,803,155,150",0.23,"113,876,291","1,620",16.45,"20,887",1.28,0.077560205,500,1.88,-0.913192182,,,
673,47810,47810,한국항공우주,"63,700","-4,700",-6.9,"68,100","68,300","63,700","1,222,068","79,645,166,800","6,209,164,315,900",0.47,"97,475,107","1,140",55.88,"10,636",5.99,0.107183152,250,0.39,0.328467153,,,
674,49770,49770,동원F&B,"333,000","-2,000",-0.6,"333,000","341,500","328,000","4,173","1,385,059,500","1,285,088,292,000",0.1,"3,859,124","15,334",21.72,"123,964",2.69,0.123697202,"3,000",0.9,50.30970724,,,
677,51600,51600,한전KPS,"107,500","4,000",3.9,"101,500","108,000","101,000","284,804","30,378,082,000","4,837,500,000,000",0.37,"45,000,000","3,740",28.74,"15,512",6.93,0.241103662,"1,670",1.55,5.595092025,,,
679,51900,51900,LG생활건강,"808,000","-23,000",-2.8,"825,000","846,000","808,000","90,765","74,108,563,000","12,619,503,176,000",0.96,"15,618,197","20,842",38.77,"92,417",8.74,0.225521279,"4,000",0.5,64.42510121,,,
681,51910,51910,LG화학,"249,500","-5,500",-2.2,"253,500","255,000","249,500","241,310","60,524,409,500","16,534,639,450,000",1.25,"66,271,100","11,798",21.15,"164,275",1.52,0.071818597,"4,000",1.6,43.6332737,,,
683,52690,52690,한전기술,"37,850",-800,-2.1,"38,900","38,900","37,850","150,177","5,710,892,950","1,446,627,000,000",0.11,"38,220,000","1,439",26.3,"10,652",3.55,0.135092002,575,1.52,16.52314815,,,
686,55550,55550,신한지주,"41,900",950,2.3,"41,000","41,900","40,500","1,575,045","65,684,426,350","19,868,962,695,300",1.51,"474,199,587","4,195",9.99,"60,136",0.7,0.069758547,950,2.27,9.169902913,,,
693,60980,60980,한라홀딩스,"68,400","1,600",2.4,"67,800","69,200","66,600","95,133","6,477,112,200","738,904,064,400",0.06,"10,802,691","73,032",0.94,"84,839",0.81,0.860830514,500,0.73,-0.493333333,,,
695,64350,64350,현대로템,"20,450",450,2.2,"20,050","20,450","19,950","366,157","7,415,436,300","1,738,250,000,000",0.13,"85,000,000",-,-,"19,541",1.05,0,0,0,0.114441417,,,
696,64960,64960,S&T모티브,"65,700",800,1.2,"64,100","65,700","64,100","53,452","3,477,815,200","946,302,460,200",0.07,"14,403,386","4,371",15.03,"40,062",1.64,0.109105886,800,1.22,7.021978022,,,
697,66570,66570,LG전자,"55,300",-800,-1.4,"56,000","56,100","55,300","809,294","44,942,928,600","9,049,724,114,200",0.69,"163,647,814","2,213",24.99,"64,808",0.85,0.034147019,400,0.72,0.242696629,,,
702,68870,68870,LG생명과학,"59,100",-800,-1.3,"60,500","62,000","58,900","320,055","19,344,582,000","979,700,109,000",0.07,"16,576,990",-,-,"14,817",3.99,0,0,0,19.23972603,,,
704,69260,69260,휴켐스,"26,000",600,2.4,"25,300","26,250","25,150","106,598","2,766,847,300","1,062,843,288,000",0.08,"40,878,588","1,030",25.24,"11,525",2.26,0.089370933,550,2.12,-0.623188406,,,
706,69620,69620,대웅제약,"92,200","-1,400",-1.5,"93,900","99,800","90,500","356,997","33,538,761,600","1,068,282,215,000",0.08,"11,586,575","3,056",30.17,"38,241",2.41,0.079914228,700,0.76,3.633165829,,,
709,69960,69960,현대백화점,"153,000","-5,000",-3.2,"156,000","161,000","151,500","93,540","14,469,533,000","3,580,573,473,000",0.27,"23,402,441","11,652",13.13,"138,633",1.1,0.084049252,700,0.46,4.614678899,,,
710,71050,71050,한국금융지주,"66,400",-600,-0.9,"65,500","67,800","65,400","149,093","9,909,202,600","3,700,205,868,800",0.28,"55,725,992","4,090",16.23,"46,435",1.43,0.088080112,700,1.05,10.27334465,,,
719,73240,73240,금호타이어,"8,170",80,1,"8,060","8,210","8,040","1,108,552","8,971,905,690","1,290,804,100,860",0.1,"157,993,158",860,9.5,"7,652",1.07,0.112388918,0,0,1.553125,,,
725,78520,78520,에이블씨엔씨,"24,500",-100,-0.4,"24,750","25,200","23,750","239,332","5,841,407,700","343,089,229,000",0.03,"14,003,642",205,119.51,"13,297",1.84,0.015417011,10,0.04,-0.620743034,,,
726,78930,78930,GS,"49,600","-1,000",-2,"50,200","51,300","49,600","431,755","21,547,560,800","4,608,602,748,800",0.35,"92,915,378",-,-,"62,374",0.8,0,"1,200",2.42,23.98740554,,,
729,79430,79430,현대리바트,"43,950","-1,850",-4,"46,050","46,500","43,950","308,998","13,980,727,600","758,649,517,500",0.06,"17,261,650","1,600",27.47,"12,682",3.47,0.126163066,80,0.18,-0.589252336,,,
731,79980,79980,휴비스,"10,750",0,0,"10,700","10,850","10,650","113,990","1,228,324,800","370,875,000,000",0.03,"34,500,000",852,12.62,"10,984",0.98,0.077567371,300,2.79,12.4375,,,
735,82740,82740,두산엔진,"5,800",-20,-0.3,"5,750","5,970","5,750","241,203","1,408,003,840","403,100,000,000",0.03,"69,500,000",-,-,"10,082",0.58,0,0,0,-0.510548523,,,
753,90430,84870,베이직하우스,"17,250",-950,-5.2,"17,900","18,000","17,250","308,215","5,421,980,000","359,780,127,750",0.03,"20,856,819","5,497",73.49,"41,432",9.75,0.132675227,900,0.22,2.639240506,,,
755,91090,86280,현대글로비스,"250,500","6,500",2.7,"242,000","251,500","240,000","220,946","54,649,150,000","9,393,750,000,000",0.71,"37,500,000",-,-,"2,020",2.25,0,0,0,51.95983087,,,
756,92200,86790,하나금융지주,"29,700",100,0.3,"29,350","29,900","29,350","743,626","22,096,189,900","8,791,290,941,400",0.67,"296,003,062",6,881.67,"6,429",0.82,0.000933271,0,0,5.265822785,,,
757,92220,88350,한화생명,"8,250",40,0.5,"8,110","8,300","8,110","1,128,482","9,286,240,740","7,165,372,500,000",0.54,"868,530,000",89,16.07,"2,490",0.57,0.035742972,0,0,0.805251641,,,
765,95720,90430,아모레퍼시픽,"404,000","4,000",1,"399,000","419,000","399,000","302,037","123,359,024,500","23,617,229,960,000",1.79,"58,458,490",355,30.85,"6,979",1.57,0.050866886,0,0,69.62937063,,,
777,102260,93050,LF,"31,150",-650,-2,"31,800","32,150","31,150","109,229","3,452,227,450","910,826,000,000",0.07,"29,240,000",203,40.2,"5,603",1.46,0.036230591,170,2.08,3.412181303,,,
780,103130,93370,후성,"3,920",-20,-0.5,"3,940","3,970","3,770","977,382","3,766,635,265","332,509,895,760",0.03,"84,823,953",-,-,970,1.49,0,0,0,-0.414925373,,,
786,105560,96770,SK이노베이션,"112,500","1,500",1.4,"111,000","115,500","111,000","606,091","68,628,701,500","10,402,375,950,000",0.79,"92,465,564","3,626",11.1,"70,700",0.57,0.051287129,780,1.94,22.88535032,,,
788,105840,97230,한진중공업,"5,520",20,0.4,"5,490","5,690","5,450","560,771","3,101,366,320","564,632,326,800",0.04,"102,288,465",108,73.15,"5,775",1.37,0.018701299,170,2.15,0.2,,,
789,107590,97950,CJ제일제당,"410,000","-8,500",-2,"415,000","423,000","410,000","56,305","23,203,684,500","5,386,702,180,000",0.41,"13,138,298","36,340",8.05,"238,029",1.23,0.152670473,"2,500",0.85,146.7477477,,,
802,120030,103140,풍산,"31,250",900,3,"30,350","31,250","30,050","230,395","7,117,945,950","875,758,687,500",0.07,"28,024,278","10,425",7.65,"48,385",1.65,0.215459337,0,0,47.22530864,,,
806,123690,104700,한국철강,"35,350",250,0.7,"35,100","37,150","35,100","27,560","986,315,100","325,573,500,000",0.02,"9,210,000","1,639",10.04,"3,139",5.24,0.522140809,0,0,7.62195122,,,
807,123700,105560,KB금융,"40,250",700,1.8,"38,850","40,250","38,700","1,990,471","79,687,053,164","15,550,655,643,250",1.18,"386,351,693","1,002",7.13,"8,750",0.82,0.114514286,200,2.8,-0.867161716,,,
808,126560,105630,한세실업,"36,650",-600,-1.6,"36,850","38,050","36,550","127,876","4,739,905,750","1,466,000,000,000",0.11,"40,000,000",408,11.15,"5,014",0.91,0.081372158,40,0.88,-0.765814696,,,
811,129260,108670,LG하우시스,"156,000","2,500",1.6,"152,500","157,000","152,500","29,828","4,636,494,500","1,398,956,520,000",0.11,"8,967,670",-,-,"5,950",0.69,0,75,1.84,18.54887218,,,
815,134790,111770,영원무역,"60,500","-1,000",-1.6,"61,000","61,700","59,900","107,988","6,546,610,000","2,680,843,814,000",0.2,"44,311,468",56,238.39,"10,905",1.22,0.005135259,0,0,45.36015326,,,
817,138040,114090,GKL,"41,500","-1,350",-3.2,"42,500","43,450","40,850","377,709","15,776,127,000","2,567,010,305,000",0.19,"61,855,670",971,14.62,"9,543",1.49,0.101749974,85,0.6,40.5,,,
818,138250,115390,락앤락,"11,450",200,1.8,"11,300","11,650","11,200","190,500","2,181,106,450","629,750,000,000",0.05,"55,000,000","21,060",11.16,"80,015",2.94,0.26320065,"1,000",0.43,-0.46744186,,,
824,145210,120110,코오롱인더,"66,700",400,0.6,"66,500","67,000","64,800","138,442","9,164,022,500","1,674,463,480,000",0.13,"25,104,400","1,761",7.58,"13,797",0.97,0.127636443,0,0,1.169105691,,,
832,170900,128940,한미약품,"412,000","-19,000",-4.4,"423,000","434,500","400,500","626,178","259,187,384,500","4,215,134,508,000",0.32,"10,230,909","4,966",31.72,"63,370",2.49,0.078365157,750,0.48,1077.534031,,,
843,200880,138930,BNK금융지주,"15,700",-200,-1.3,"15,750","15,950","15,600","819,228","12,882,525,500","3,679,764,414,300",0.28,"234,379,899",-,-,"18,847",0.89,0,150,0.89,-0.142076503,,,
846,213500,139480,이마트,"246,500","2,500",1,"241,500","251,000","241,500","63,832","15,824,578,000","6,871,389,383,500",0.52,"27,875,819",-,-,-,-,0,0,0,53.65631929,,,
852,,145990,삼양사,"132,000","3,000",2.3,"130,500","132,000","127,000","28,355","3,669,920,500","810,033,708,000",0.06,"6,136,619",,,,,,,,19.85308057,,,
860,,161390,한국타이어,"43,850","1,450",3.4,"41,700","44,000","41,700","608,166","26,476,293,080","5,431,921,775,650",0.41,"123,875,069",,,,,,,,2.045138889,,,
861,,161890,한국콜마,"94,900",-300,-0.3,"96,000","99,500","94,900","177,432","17,199,331,700","2,002,404,329,900",0.15,"21,100,151",,,,,,,,7.473214286,,,
864,,170900,동아에스티,"157,500","-3,500",-2.2,"161,500","163,000","156,500","51,252","8,159,685,000","1,213,054,920,000",0.09,"7,701,936",,,,,,,,33.80662983,,,
871,,185750,종근당,"85,600","-2,900",-3.3,"89,500","91,500","85,600","172,460","15,127,200,000","805,414,680,000",0.06,"9,409,050",,,,,,,,31.54752852,,,
875,,192820,코스맥스,"193,000",0,0,"200,500","204,500","191,000","142,809","28,070,439,500","1,736,905,237,000",0.13,"8,999,509",,,,,,,,48.55070603,,,
